-- phpMyAdmin SQL Dump
-- version 5.1.1
-- https://www.phpmyadmin.net/
--
-- Host: 127.0.0.1
-- Generation Time: Jan 24, 2022 at 06:33 AM
-- Server version: 10.4.22-MariaDB
-- PHP Version: 7.4.27

SET SQL_MODE = "NO_AUTO_VALUE_ON_ZERO";
START TRANSACTION;
SET time_zone = "+00:00";

--
-- Database: `almardiy_kolektibilitas`
--

-- --------------------------------------------------------

--
-- Table structure for table `ci_sessions`
--

CREATE TABLE `ci_sessions` (
  `id` varchar(40) NOT NULL,
  `ip_address` varchar(45) NOT NULL,
  `timestamp` int(10) UNSIGNED NOT NULL DEFAULT 0,
  `data` blob NOT NULL
) ENGINE=InnoDB DEFAULT CHARSET=utf8mb4;

--
-- Dumping data for table `ci_sessions`
--

INSERT INTO `ci_sessions` (`id`, `ip_address`, `timestamp`, `data`) VALUES
('0cb25i955toqb77cqbgb74228r5u1dla', '::1', 1642999385, 0x5f5f63695f6c6173745f726567656e65726174657c693a313634323939393338353b7374617475737c623a313b646174617c613a353a7b733a323a226964223b733a313a2231223b733a343a226e616d61223b733a31333a2241646d696e6973747261746f72223b733a353a22656d61696c223b733a32333a2261646d696e6973747261746f7240676d61696c2e636f6d223b733a353a226c6576656c223b733a31313a2253757065722041646d696e223b733a383a226c6576656c5f6964223b733a313a2231223b7d),
('0ta0e0ao43qv7kovsjikjccmckri2l4k', '::1', 1642991547, 0x5f5f63695f6c6173745f726567656e65726174657c693a313634323939313534373b7374617475737c623a313b646174617c613a353a7b733a323a226964223b733a313a2231223b733a343a226e616d61223b733a31333a2241646d696e6973747261746f72223b733a353a22656d61696c223b733a32333a2261646d696e6973747261746f7240676d61696c2e636f6d223b733a353a226c6576656c223b733a31313a2253757065722041646d696e223b733a383a226c6576656c5f6964223b733a313a2231223b7d),
('3322voo7653djtv7kbj418km3qqsfkac', '::1', 1642992017, 0x5f5f63695f6c6173745f726567656e65726174657c693a313634323939323031373b7374617475737c623a313b646174617c613a353a7b733a323a226964223b733a313a2231223b733a343a226e616d61223b733a31333a2241646d696e6973747261746f72223b733a353a22656d61696c223b733a32333a2261646d696e6973747261746f7240676d61696c2e636f6d223b733a353a226c6576656c223b733a31313a2253757065722041646d696e223b733a383a226c6576656c5f6964223b733a313a2231223b7d),
('3hr7vo2vt76g462n0fkkdm6birqoeio5', '::1', 1642998932, 0x5f5f63695f6c6173745f726567656e65726174657c693a313634323939383933323b7374617475737c623a313b646174617c613a353a7b733a323a226964223b733a313a2231223b733a343a226e616d61223b733a31333a2241646d696e6973747261746f72223b733a353a22656d61696c223b733a32333a2261646d696e6973747261746f7240676d61696c2e636f6d223b733a353a226c6576656c223b733a31313a2253757065722041646d696e223b733a383a226c6576656c5f6964223b733a313a2231223b7d),
('3mdhebq775ablvckjsptsg0qali2o6h1', '::1', 1642997280, 0x5f5f63695f6c6173745f726567656e65726174657c693a313634323939373238303b7374617475737c623a313b646174617c613a353a7b733a323a226964223b733a313a2231223b733a343a226e616d61223b733a31333a2241646d696e6973747261746f72223b733a353a22656d61696c223b733a32333a2261646d696e6973747261746f7240676d61696c2e636f6d223b733a353a226c6576656c223b733a31313a2253757065722041646d696e223b733a383a226c6576656c5f6964223b733a313a2231223b7d),
('5fl4fagidk5nn7ompeeqvqa9g1j3oo2u', '::1', 1643001142, 0x5f5f63695f6c6173745f726567656e65726174657c693a313634333030313134323b7374617475737c623a313b646174617c613a353a7b733a323a226964223b733a313a2231223b733a343a226e616d61223b733a31333a2241646d696e6973747261746f72223b733a353a22656d61696c223b733a32333a2261646d696e6973747261746f7240676d61696c2e636f6d223b733a353a226c6576656c223b733a31313a2253757065722041646d696e223b733a383a226c6576656c5f6964223b733a313a2231223b7d),
('7fj90upimtncmakdq29044vtg05vt6op', '::1', 1642994902, 0x5f5f63695f6c6173745f726567656e65726174657c693a313634323939343930323b7374617475737c623a313b646174617c613a353a7b733a323a226964223b733a313a2231223b733a343a226e616d61223b733a31333a2241646d696e6973747261746f72223b733a353a22656d61696c223b733a32333a2261646d696e6973747261746f7240676d61696c2e636f6d223b733a353a226c6576656c223b733a31313a2253757065722041646d696e223b733a383a226c6576656c5f6964223b733a313a2231223b7d),
('7m19orkq7nu9d0hpokqgvda1iqe1vi54', '::1', 1642991541, 0x5f5f63695f6c6173745f726567656e65726174657c693a313634323939313534313b7374617475737c623a313b646174617c613a353a7b733a323a226964223b733a313a2231223b733a343a226e616d61223b733a31333a2241646d696e6973747261746f72223b733a353a22656d61696c223b733a32333a2261646d696e6973747261746f7240676d61696c2e636f6d223b733a353a226c6576656c223b733a31313a2253757065722041646d696e223b733a383a226c6576656c5f6964223b733a313a2231223b7d),
('8f54jigt381rlt9gid93hn3gvc3tgni2', '::1', 1642993250, 0x5f5f63695f6c6173745f726567656e65726174657c693a313634323939333235303b7374617475737c623a313b646174617c613a353a7b733a323a226964223b733a313a2231223b733a343a226e616d61223b733a31333a2241646d696e6973747261746f72223b733a353a22656d61696c223b733a32333a2261646d696e6973747261746f7240676d61696c2e636f6d223b733a353a226c6576656c223b733a31313a2253757065722041646d696e223b733a383a226c6576656c5f6964223b733a313a2231223b7d),
('aaoaqna5ms52kp42c1phpkuted29916d', '::1', 1643000203, 0x5f5f63695f6c6173745f726567656e65726174657c693a313634333030303230333b7374617475737c623a313b646174617c613a353a7b733a323a226964223b733a313a2231223b733a343a226e616d61223b733a31333a2241646d696e6973747261746f72223b733a353a22656d61696c223b733a32333a2261646d696e6973747261746f7240676d61696c2e636f6d223b733a353a226c6576656c223b733a31313a2253757065722041646d696e223b733a383a226c6576656c5f6964223b733a313a2231223b7d),
('amqtn2a8vvs15rs2ifgnbvjgkg7aaiut', '::1', 1642998414, 0x5f5f63695f6c6173745f726567656e65726174657c693a313634323939383431343b7374617475737c623a313b646174617c613a353a7b733a323a226964223b733a313a2231223b733a343a226e616d61223b733a31333a2241646d696e6973747261746f72223b733a353a22656d61696c223b733a32333a2261646d696e6973747261746f7240676d61696c2e636f6d223b733a353a226c6576656c223b733a31313a2253757065722041646d696e223b733a383a226c6576656c5f6964223b733a313a2231223b7d),
('cuvt9esctp1sig9v2nu5d801svmlrqh1', '::1', 1643000817, 0x5f5f63695f6c6173745f726567656e65726174657c693a313634333030303831373b7374617475737c623a313b646174617c613a353a7b733a323a226964223b733a313a2231223b733a343a226e616d61223b733a31333a2241646d696e6973747261746f72223b733a353a22656d61696c223b733a32333a2261646d696e6973747261746f7240676d61696c2e636f6d223b733a353a226c6576656c223b733a31313a2253757065722041646d696e223b733a383a226c6576656c5f6964223b733a313a2231223b7d),
('d8k9ang1s5k1lpma1gusbpuekve4dsjp', '::1', 1642992814, 0x5f5f63695f6c6173745f726567656e65726174657c693a313634323939323831343b7374617475737c623a313b646174617c613a353a7b733a323a226964223b733a313a2231223b733a343a226e616d61223b733a31333a2241646d696e6973747261746f72223b733a353a22656d61696c223b733a32333a2261646d696e6973747261746f7240676d61696c2e636f6d223b733a353a226c6576656c223b733a31313a2253757065722041646d696e223b733a383a226c6576656c5f6964223b733a313a2231223b7d),
('dmc9hb9icoijtc60rfole6vent383okc', '::1', 1642995666, 0x5f5f63695f6c6173745f726567656e65726174657c693a313634323939353636363b7374617475737c623a313b646174617c613a353a7b733a323a226964223b733a313a2231223b733a343a226e616d61223b733a31333a2241646d696e6973747261746f72223b733a353a22656d61696c223b733a32333a2261646d696e6973747261746f7240676d61696c2e636f6d223b733a353a226c6576656c223b733a31313a2253757065722041646d696e223b733a383a226c6576656c5f6964223b733a313a2231223b7d),
('dnqd60b5af5k5hp7grp2lcsdif6jg7hu', '::1', 1643002413, 0x5f5f63695f6c6173745f726567656e65726174657c693a313634333030323235383b7374617475737c623a313b646174617c613a353a7b733a323a226964223b733a313a2231223b733a343a226e616d61223b733a31393a225379696661204173726920416c204861736e69223b733a353a22656d61696c223b733a32333a2261646d696e6973747261746f7240676d61696c2e636f6d223b733a353a226c6576656c223b733a31313a2253757065722041646d696e223b733a383a226c6576656c5f6964223b733a313a2231223b7d),
('emtlqqnlnp00ck9u3doo1gp8v5s71g7s', '::1', 1642996496, 0x5f5f63695f6c6173745f726567656e65726174657c693a313634323939363439363b7374617475737c623a313b646174617c613a353a7b733a323a226964223b733a313a2231223b733a343a226e616d61223b733a31333a2241646d696e6973747261746f72223b733a353a22656d61696c223b733a32333a2261646d696e6973747261746f7240676d61696c2e636f6d223b733a353a226c6576656c223b733a31313a2253757065722041646d696e223b733a383a226c6576656c5f6964223b733a313a2231223b7d),
('gm03iauvbcmdc478hrca1gnd6fi0bj42', '::1', 1642999689, 0x5f5f63695f6c6173745f726567656e65726174657c693a313634323939393638393b7374617475737c623a313b646174617c613a353a7b733a323a226964223b733a313a2231223b733a343a226e616d61223b733a31333a2241646d696e6973747261746f72223b733a353a22656d61696c223b733a32333a2261646d696e6973747261746f7240676d61696c2e636f6d223b733a353a226c6576656c223b733a31313a2253757065722041646d696e223b733a383a226c6576656c5f6964223b733a313a2231223b7d),
('gpi2m46274ghufbhktknkdmu78njomdt', '::1', 1642995321, 0x5f5f63695f6c6173745f726567656e65726174657c693a313634323939353332313b7374617475737c623a313b646174617c613a353a7b733a323a226964223b733a313a2231223b733a343a226e616d61223b733a31333a2241646d696e6973747261746f72223b733a353a22656d61696c223b733a32333a2261646d696e6973747261746f7240676d61696c2e636f6d223b733a353a226c6576656c223b733a31313a2253757065722041646d696e223b733a383a226c6576656c5f6964223b733a313a2231223b7d),
('h2m9dgvudpng0mmf4924hje34ag038i4', '::1', 1642996746, 0x5f5f63695f6c6173745f726567656e65726174657c693a313634323939363439363b7374617475737c623a313b646174617c613a353a7b733a323a226964223b733a313a2231223b733a343a226e616d61223b733a31333a2241646d696e6973747261746f72223b733a353a22656d61696c223b733a32333a2261646d696e6973747261746f7240676d61696c2e636f6d223b733a353a226c6576656c223b733a31313a2253757065722041646d696e223b733a383a226c6576656c5f6964223b733a313a2231223b7d),
('k6206h2he6ojiu3pt107deoh89g14naj', '::1', 1642998084, 0x5f5f63695f6c6173745f726567656e65726174657c693a313634323939383038343b7374617475737c623a313b646174617c613a353a7b733a323a226964223b733a313a2231223b733a343a226e616d61223b733a31333a2241646d696e6973747261746f72223b733a353a22656d61696c223b733a32333a2261646d696e6973747261746f7240676d61696c2e636f6d223b733a353a226c6576656c223b733a31313a2253757065722041646d696e223b733a383a226c6576656c5f6964223b733a313a2231223b7d),
('kes1kqlf0m6b2b8cf4uc7s9ckiriamnh', '::1', 1642992510, 0x5f5f63695f6c6173745f726567656e65726174657c693a313634323939323531303b7374617475737c623a313b646174617c613a353a7b733a323a226964223b733a313a2231223b733a343a226e616d61223b733a31333a2241646d696e6973747261746f72223b733a353a22656d61696c223b733a32333a2261646d696e6973747261746f7240676d61696c2e636f6d223b733a353a226c6576656c223b733a31313a2253757065722041646d696e223b733a383a226c6576656c5f6964223b733a313a2231223b7d),
('ld26nl263f2nko7sp2p63ncu1fcra5iv', '::1', 1642996191, 0x5f5f63695f6c6173745f726567656e65726174657c693a313634323939363139313b7374617475737c623a313b646174617c613a353a7b733a323a226964223b733a313a2231223b733a343a226e616d61223b733a31333a2241646d696e6973747261746f72223b733a353a22656d61696c223b733a32333a2261646d696e6973747261746f7240676d61696c2e636f6d223b733a353a226c6576656c223b733a31313a2253757065722041646d696e223b733a383a226c6576656c5f6964223b733a313a2231223b7d),
('suklf2it1s4pb8rv8pokl2siagi9khs3', '::1', 1643002258, 0x5f5f63695f6c6173745f726567656e65726174657c693a313634333030323235383b7374617475737c623a313b646174617c613a353a7b733a323a226964223b733a313a2231223b733a343a226e616d61223b733a31333a2241646d696e6973747261746f72223b733a353a22656d61696c223b733a32333a2261646d696e6973747261746f7240676d61696c2e636f6d223b733a353a226c6576656c223b733a31313a2253757065722041646d696e223b733a383a226c6576656c5f6964223b733a313a2231223b7d),
('tq3o0bnp3uvfld77mn8ppcp0e8orpldp', '::1', 1642991189, 0x5f5f63695f6c6173745f726567656e65726174657c693a313634323939313138393b7374617475737c623a313b646174617c613a353a7b733a323a226964223b733a313a2231223b733a343a226e616d61223b733a31333a2241646d696e6973747261746f72223b733a353a22656d61696c223b733a32333a2261646d696e6973747261746f7240676d61696c2e636f6d223b733a353a226c6576656c223b733a31313a2253757065722041646d696e223b733a383a226c6576656c5f6964223b733a313a2231223b7d),
('v0c32ivm0pck6rcqsrr9shnlcstmaaag', '::1', 1642996602, 0x5f5f63695f6c6173745f726567656e65726174657c693a313634323939363630323b7374617475737c623a313b646174617c613a353a7b733a323a226964223b733a313a2231223b733a343a226e616d61223b733a31333a2241646d696e6973747261746f72223b733a353a22656d61696c223b733a32333a2261646d696e6973747261746f7240676d61696c2e636f6d223b733a353a226c6576656c223b733a31313a2253757065722041646d696e223b733a383a226c6576656c5f6964223b733a313a2231223b7d);

-- --------------------------------------------------------

--
-- Table structure for table `jenis_asuransi`
--

CREATE TABLE `jenis_asuransi` (
  `id` int(11) NOT NULL,
  `nama` varchar(255) DEFAULT NULL,
  `keterangan` text DEFAULT NULL,
  `created_by` int(11) DEFAULT NULL,
  `updated_by` int(11) DEFAULT NULL,
  `created_at` datetime NOT NULL DEFAULT current_timestamp(),
  `updated_at` datetime DEFAULT NULL ON UPDATE current_timestamp()
) ENGINE=InnoDB DEFAULT CHARSET=utf8mb4;

--
-- Dumping data for table `jenis_asuransi`
--

INSERT INTO `jenis_asuransi` (`id`, `nama`, `keterangan`, `created_by`, `updated_by`, `created_at`, `updated_at`) VALUES
(1, 'Proteksi dan investasi', '1', NULL, NULL, '2022-01-24 11:27:22', NULL),
(2, 'Perlindungan penyakit kritis', 'aka', NULL, NULL, '2022-01-24 11:27:22', NULL),
(3, 'Perlindungan jiwa dan kesehatan', 'exe', NULL, NULL, '2022-01-24 11:27:22', NULL),
(4, 'Perlindungan hari tua', 'aa', NULL, NULL, '2022-01-24 11:27:22', NULL),
(5, 'Asuransi pendidikan', NULL, NULL, NULL, '2022-01-24 11:27:22', NULL);

-- --------------------------------------------------------

--
-- Table structure for table `key_value`
--

CREATE TABLE `key_value` (
  `key` varchar(255) NOT NULL,
  `value1` text DEFAULT NULL,
  `value2` text DEFAULT NULL,
  `created_by` int(11) DEFAULT NULL,
  `updated_by` int(11) DEFAULT NULL,
  `deleted_by` int(11) DEFAULT NULL,
  `created_at` datetime NOT NULL DEFAULT current_timestamp(),
  `updated_at` datetime DEFAULT NULL ON UPDATE current_timestamp(),
  `deleted_at` datetime DEFAULT NULL
) ENGINE=InnoDB DEFAULT CHARSET=utf8mb4;

--
-- Dumping data for table `key_value`
--

INSERT INTO `key_value` (`key`, `value1`, `value2`, `created_by`, `updated_by`, `deleted_by`, `created_at`, `updated_at`, `deleted_at`) VALUES
('footer_contact', 'Info Kontak', '                <address>123, ABC, Road ##, Main City, Your address goes here.<br>Phone: 01234 567\r\n                  890<br>Email: https://example.com</address>', NULL, NULL, NULL, '2021-11-19 17:52:48', '2021-11-19 18:47:06', NULL),
('footer_copyright', 'Copyright © ${(new Date().getFullYear())} Toko Bunga Ucapan Bandung', NULL, NULL, NULL, NULL, '2021-11-19 17:52:48', '2021-11-19 18:46:33', NULL),
('footer_descritpion', 'Kami menyediakan berbagai macam rangkaian bunga dengan design yang modern yang tentunya bisa anda lakukan costum baik ukuran atau jenis bunga', NULL, NULL, NULL, NULL, '2021-11-19 15:22:55', '2021-11-19 18:17:33', NULL),
('footer_list_head', 'Menyediakan', NULL, NULL, NULL, NULL, '2021-11-19 17:52:48', '2021-11-19 18:52:33', NULL),
('logo', '6fbe94da589c94255915300bf665782c.png', '4707ee8ba9fff6de51d74efbe5a35ee7.png', NULL, NULL, NULL, '2021-11-19 15:15:03', '2021-11-19 15:41:06', NULL),
('offer', 'Terlengkap Dan Terjangkau', 'Toko Bunga Ucapan Bandung', NULL, NULL, NULL, '2021-11-17 21:17:10', '2021-11-17 21:55:55', NULL),
('offer2', 'Terbaik Dan Terpercaya', 'TUNGGU APA LAGI', NULL, NULL, NULL, '2021-11-17 22:03:28', '2021-11-17 22:06:50', NULL),
('offer_decritpion', '<p><span class=\"fw-bold\">Toko Bunga Ucapan Bandung</span> merupakan salah satu toko bunga\r\n              terbaik di <span class=\"fw-bold\">Kota Bandung</span> dengan produk kami berbagai macam\r\n              karangan bunga dan rangkaian bunga seperti :\r\n            </p>\r\n            <br>\r\n            <div class=\"container\">\r\n              <ul style=\"list-style-type: disc;\">\r\n                <li>PAPAN BUNGA Single 2in1 Steroform</li>\r\n                <li>HANDBUQUET</li>\r\n                <li>BUQUET ( Meja, Standing, box )</li>\r\n                <li>SALIB, KRANS DUKA</li>\r\n                <li>Bunga Semat / kantong</li>\r\n                <li>Dekorasi Bahagia, Duka</li>\r\n                <li>Parcel Buah, Cookies</li>\r\n                <li>dll.</li>\r\n              </ul>\r\n            </div>\r\n\r\n            <br>\r\n            <p>Produk yang kami sediakan menggunakan bunga yang fresh dan bermacam warna yang bisa\r\n              disesuaikan untuk moment Anda. Selain itu kami juga menggunakan bunga buatan untuk pengganti\r\n              bunga asli agar karangan bunga Anda tidak cepat layu.</p>', NULL, NULL, NULL, NULL, '2021-11-17 21:17:10', '2021-11-17 21:56:15', NULL),
('offer_decritpion2', '            <p>Toko Bunga Papan Ucapan Bandung menawarka proses pemesanan yang sangat mudah, tinggal\r\n              cari\r\n              produk yang Anda inginkan, atau rekomendasi produk sesuai dengan moment yang Anda\r\n              butuhkan\r\n              melalui katalog produk di website ini, maupun langsung hubungi team CS kami yang siap\r\n              membantu anda 24 jam untuk membantu pemesanan bunga secara online dan offline.\r\n            </p>', NULL, NULL, NULL, NULL, '2021-11-17 22:03:28', '2021-11-17 22:07:17', NULL),
('product', 'Bunga Terbaik Dari Kami', 'BUNGA APA YANG ANDA CARI HARI INI ?', NULL, NULL, NULL, '2021-11-18 09:59:33', '2021-11-18 09:59:52', NULL),
('product2', 'Kamu Mungkin Juga Suka', 'PRODUK LAIN KAMI', NULL, NULL, NULL, '2021-11-19 07:14:04', '2021-11-19 07:16:22', NULL),
('testimoni', 'Kepuasan Pelanggan adalah yang utama', 'TESTIMONI', NULL, NULL, NULL, '2021-11-17 22:23:33', '2021-11-17 22:29:34', NULL);

-- --------------------------------------------------------

--
-- Table structure for table `kolektibilitas`
--

CREATE TABLE `kolektibilitas` (
  `id` int(11) NOT NULL,
  `nama` varchar(255) DEFAULT NULL,
  `dari` int(11) DEFAULT NULL,
  `sampai` int(11) DEFAULT NULL,
  `keterangan` text DEFAULT NULL,
  `status` int(11) NOT NULL DEFAULT 0 COMMENT '0 Tidak Aktif | Aktif',
  `created_by` int(11) DEFAULT NULL,
  `updated_by` int(11) DEFAULT NULL,
  `created_at` datetime NOT NULL DEFAULT current_timestamp(),
  `updated_at` datetime DEFAULT NULL ON UPDATE current_timestamp()
) ENGINE=InnoDB DEFAULT CHARSET=utf8mb4;

--
-- Dumping data for table `kolektibilitas`
--

INSERT INTO `kolektibilitas` (`id`, `nama`, `dari`, `sampai`, `keterangan`, `status`, `created_by`, `updated_by`, `created_at`, `updated_at`) VALUES
(1, 'Kredit Lancar (Pass)', 1, 30, '-', 1, NULL, NULL, '2022-01-24 11:27:14', NULL),
(2, 'Dalam Perhatian Khusus (Special Mention)', 31, 60, NULL, 1, NULL, NULL, '2022-01-24 11:27:14', NULL),
(3, 'Kurang Lancar (Substandard)', 61, 90, 'null', 0, NULL, NULL, '2022-01-24 11:27:14', NULL),
(4, 'Diragukan (Doubtful)', 91, 120, NULL, 0, NULL, NULL, '2022-01-24 11:27:14', NULL),
(5, 'Macet (Loss)', 121, 2147483647, NULL, 0, NULL, NULL, '2022-01-24 11:27:14', NULL);

-- --------------------------------------------------------

--
-- Table structure for table `level`
--

CREATE TABLE `level` (
  `lev_id` int(11) NOT NULL,
  `lev_nama` varchar(50) NOT NULL,
  `lev_keterangan` text NOT NULL,
  `lev_status` varchar(50) NOT NULL,
  `created_at` timestamp NOT NULL DEFAULT current_timestamp()
) ENGINE=InnoDB DEFAULT CHARSET=latin1;

--
-- Dumping data for table `level`
--

INSERT INTO `level` (`lev_id`, `lev_nama`, `lev_keterangan`, `lev_status`, `created_at`) VALUES
(1, 'Super Admin', 'Super Admin', 'Aktif', '2020-06-18 09:40:31');

-- --------------------------------------------------------

--
-- Table structure for table `menu`
--

CREATE TABLE `menu` (
  `menu_id` int(11) NOT NULL,
  `menu_menu_id` int(11) NOT NULL,
  `menu_nama` varchar(50) NOT NULL,
  `menu_keterangan` text NOT NULL,
  `menu_index` int(11) NOT NULL,
  `menu_icon` varchar(50) NOT NULL,
  `menu_url` varchar(100) NOT NULL,
  `menu_status` varchar(50) NOT NULL,
  `created_at` timestamp NOT NULL DEFAULT current_timestamp()
) ENGINE=InnoDB DEFAULT CHARSET=latin1;

--
-- Dumping data for table `menu`
--

INSERT INTO `menu` (`menu_id`, `menu_menu_id`, `menu_nama`, `menu_keterangan`, `menu_index`, `menu_icon`, `menu_url`, `menu_status`, `created_at`) VALUES
(1, 0, 'Dashboard', '-', 1, 'fa fa-suitcase', 'dashboard', 'Aktif', '2020-06-18 02:40:07'),
(2, 0, 'Pengaturan', '-', 6, 'fa fa-cogs', '#', 'Aktif', '2020-06-18 02:40:07'),
(4, 2, 'Menu', '-', 6, 'far fa-circle', 'pengaturan/menu', 'Aktif', '2020-06-18 02:40:07'),
(5, 2, 'Level', '-', 4, 'far fa-circle', 'pengaturan/level', 'Aktif', '2020-06-18 02:40:07'),
(6, 2, 'Pengguna', '-', 2, 'far fa-circle', 'pengaturan/pengguna', 'Aktif', '2020-06-18 02:40:07'),
(115, 118, 'Warna', 'Warna Produk', 3, 'far fa-circle', 'admin/product/color', 'Aktif', '2021-11-14 14:39:54'),
(116, 118, 'Kategori', 'Kategori Produk', 2, 'far fa-circle', 'admin/product/category', 'Aktif', '2021-11-14 14:39:14'),
(117, 118, 'Master', 'List daftar Produk', 1, 'far fa-circle', 'admin/product/item', 'Aktif', '2021-11-14 14:38:38'),
(118, 0, 'Produk', '-', 1, 'fas fa-fan', '#', 'Aktif', '2021-11-14 14:36:41'),
(119, 0, 'Home', 'Halaman Home', 2, 'fas fa-home', '#', 'Aktif', '2021-11-15 14:50:51'),
(120, 119, 'Slider', '-', 3, 'far fa-circle', 'admin/home/slider', 'Aktif', '2021-11-15 14:51:28'),
(121, 119, 'Kelebihan', '-', 4, 'far fa-circle', 'admin/home/excess', 'Aktif', '2021-11-15 14:52:32'),
(122, 119, 'Penawaran', 'Penawaran', 5, 'far fa-circle', 'admin/home/offer', 'Aktif', '2021-11-15 14:53:56'),
(123, 119, 'Testimoni', '-', 6, 'far fa-circle', 'admin/home/testimoni', 'Aktif', '2021-11-15 14:54:34'),
(124, 0, 'WhatsApp', 'No whatsapp untuk produk', 3, 'fab fa-whatsapp', 'admin/whatsapp', 'Aktif', '2021-11-17 15:39:07'),
(126, 0, 'Navigasi', '-', 4, 'fas fa-location-arrow', 'admin/menu', 'Aktif', '2021-11-17 19:09:01'),
(127, 119, 'Logo', '-', 1, 'far fa-circle', 'admin/home/logo', 'Aktif', '2021-11-19 08:05:37'),
(128, 119, 'Footer', '-', 2, 'far fa-circle', 'admin/home/footer', 'Aktif', '2021-11-19 08:08:39'),
(129, 0, 'Kepengurusan', '-', 1, 'fas fa-sitemap', 'admin/kepengurusan', 'Aktif', '2021-12-02 08:02:13'),
(130, 0, 'Pengurus', '-', 2, 'fas fa-users', 'admin/pengurus', 'Aktif', '2021-12-16 08:03:43'),
(131, 2, 'Media Sosial', '-', 1, 'far fa-circle', 'admin/pengaturan/mediaSosial', 'Aktif', '2022-01-02 15:04:29'),
(132, 0, 'Artikel', '-', 3, 'fas fa-newspaper', '#', 'Aktif', '2022-01-07 17:33:52'),
(133, 132, 'Daftar Artikel', '#', 1, 'far fa-circle', 'admin/artikel/daftarArtikel', 'Aktif', '2022-01-07 17:35:48'),
(134, 132, 'Kategori', '-', 2, 'far fa-circle', 'admin/artikel/kategori', 'Aktif', '2022-01-07 22:43:52'),
(135, 132, 'Tag', '-', 3, 'far fa-circle', 'admin/artikel/tag', 'Aktif', '2022-01-07 22:44:35'),
(136, 0, 'Jenis Asuransi', '-', 1, ' fas fa-list', 'JenisAsuransi', 'Aktif', '2022-01-23 16:30:38'),
(137, 0, 'Kolektibilitas', '-', 2, 'fas fa-sitemap', 'Kolektibilitas', 'Aktif', '2022-01-23 16:58:41'),
(138, 0, 'Nasabah', '-', 3, 'fas fa-users', 'Nasabah', 'Aktif', '2022-01-23 17:14:51'),
(139, 0, 'Analisis Data', '-', 4, 'fas fa-chart-bar', 'Analisis', 'Aktif', '2022-01-23 18:11:34');

-- --------------------------------------------------------

--
-- Table structure for table `nasabah`
--

CREATE TABLE `nasabah` (
  `id` int(11) NOT NULL,
  `no_rek` varchar(255) DEFAULT NULL,
  `nama` varchar(255) DEFAULT NULL,
  `jenis_asuransi_id` int(11) DEFAULT NULL,
  `tenggat` int(11) NOT NULL DEFAULT 0,
  `keterangan` text DEFAULT NULL,
  `status` int(11) NOT NULL DEFAULT 0 COMMENT '0 Tidak Aktif | Aktif',
  `created_by` int(11) DEFAULT NULL,
  `updated_by` int(11) DEFAULT NULL,
  `created_at` datetime NOT NULL DEFAULT current_timestamp(),
  `updated_at` datetime DEFAULT NULL ON UPDATE current_timestamp()
) ENGINE=InnoDB DEFAULT CHARSET=utf8mb4;

--
-- Dumping data for table `nasabah`
--

INSERT INTO `nasabah` (`id`, `no_rek`, `nama`, `jenis_asuransi_id`, `tenggat`, `keterangan`, `status`, `created_by`, `updated_by`, `created_at`, `updated_at`) VALUES
(6, '773202007251292', 'Reese Moss', 3, 1, NULL, 1, NULL, NULL, '2022-01-24 11:28:08', NULL),
(7, '773202007251276', 'Quon Dixon', 5, 1, NULL, 1, NULL, NULL, '2022-01-24 11:28:08', NULL),
(8, '773202007251038', 'Colleen Kline', 4, 1, NULL, 1, NULL, NULL, '2022-01-24 11:28:08', NULL),
(9, '773202007251082', 'Magee Mccoy', 5, 2, NULL, 1, NULL, NULL, '2022-01-24 11:28:08', NULL),
(10, '773202007251324', 'Nevada Oliver', 2, 3, NULL, 1, NULL, NULL, '2022-01-24 11:28:08', NULL),
(11, '773202007251142', 'Althea Park', 3, 3, NULL, 1, NULL, NULL, '2022-01-24 11:28:08', NULL),
(12, '773202007251382', 'Callum Short', 4, 3, NULL, 1, NULL, NULL, '2022-01-24 11:28:08', NULL),
(13, '773202007251166', 'Avram Watkins', 5, 4, NULL, 1, NULL, NULL, '2022-01-24 11:28:08', NULL),
(14, '773202007251122', 'Winter Webster', 5, 5, NULL, 1, NULL, NULL, '2022-01-24 11:28:08', NULL),
(15, '773202007251202', 'Myles Branch', 4, 5, NULL, 1, NULL, NULL, '2022-01-24 11:28:08', NULL),
(16, '773202007251048', 'Lyle Ball', 5, 5, NULL, 1, NULL, NULL, '2022-01-24 11:28:08', NULL),
(17, '773202007251342', 'Pamela Herman', 2, 5, NULL, 1, NULL, NULL, '2022-01-24 11:28:08', NULL),
(18, '773202007251264', 'Leandra Goodwin', 1, 5, NULL, 1, NULL, NULL, '2022-01-24 11:28:08', NULL),
(19, '773202007251174', 'Quentin Stephens', 4, 6, NULL, 1, NULL, NULL, '2022-01-24 11:28:08', NULL),
(20, '773202007251210', 'Rigel Norris', 4, 7, NULL, 1, NULL, NULL, '2022-01-24 11:28:08', NULL),
(21, '773202007251280', 'Owen Atkinson', 4, 7, NULL, 1, NULL, NULL, '2022-01-24 11:28:08', NULL),
(22, '773202007251392', 'Jared Howell', 1, 7, NULL, 1, NULL, NULL, '2022-01-24 11:28:08', NULL),
(23, '773202007251194', 'Ignatius Roberson', 4, 9, NULL, 1, NULL, NULL, '2022-01-24 11:28:08', NULL),
(24, '773202007251018', 'Sasha Reed', 3, 10, NULL, 1, NULL, NULL, '2022-01-24 11:28:08', NULL),
(25, '773202007251050', 'Gisela Walsh', 1, 10, NULL, 1, NULL, NULL, '2022-01-24 11:28:08', NULL),
(26, '773202007251054', 'Bell Bryant', 4, 10, NULL, 1, NULL, NULL, '2022-01-24 11:28:08', NULL),
(27, '773202007251330', 'Karyn Mcdonald', 5, 11, NULL, 1, NULL, NULL, '2022-01-24 11:28:08', NULL),
(28, '773202007251274', 'Ruby Hardy', 2, 11, NULL, 1, NULL, NULL, '2022-01-24 11:28:08', NULL),
(29, '773202007251266', 'Bruce Buckley', 2, 12, NULL, 1, NULL, NULL, '2022-01-24 11:28:08', NULL),
(30, '773202007251084', 'Walter Clay', 3, 12, NULL, 1, NULL, NULL, '2022-01-24 11:28:08', NULL),
(31, '773202007251254', 'Arsenio Bowman', 1, 13, NULL, 1, NULL, NULL, '2022-01-24 11:28:08', NULL),
(32, '773202007251388', 'Zena Hardin', 4, 13, NULL, 1, NULL, NULL, '2022-01-24 11:28:08', NULL),
(33, '773202007251278', 'Bianca Boyer', 1, 14, NULL, 1, NULL, NULL, '2022-01-24 11:28:08', NULL),
(34, '773202007251226', 'Craig David', 2, 14, NULL, 1, NULL, NULL, '2022-01-24 11:28:08', NULL),
(35, '773202007251224', 'Shelley Rich', 3, 14, NULL, 1, NULL, NULL, '2022-01-24 11:28:08', NULL),
(36, '773202007251222', 'Cheryl Atkins', 2, 15, NULL, 1, NULL, NULL, '2022-01-24 11:28:08', NULL),
(37, '773202007251020', 'Adrienne Mccormick', 5, 16, NULL, 1, NULL, NULL, '2022-01-24 11:28:08', NULL),
(38, '773202007251188', 'Mary Roy', 4, 16, NULL, 1, NULL, NULL, '2022-01-24 11:28:08', NULL),
(39, '773202007251032', 'Dara Hensley', 3, 16, NULL, 1, NULL, NULL, '2022-01-24 11:28:08', NULL),
(40, '773202007251360', 'Stuart Vance', 3, 16, NULL, 1, NULL, NULL, '2022-01-24 11:28:08', NULL),
(41, '773202007251046', 'Raphael Tyler', 1, 16, NULL, 1, NULL, NULL, '2022-01-24 11:28:08', NULL),
(42, '773202007251074', 'Kato Mcguire', 1, 17, NULL, 1, NULL, NULL, '2022-01-24 11:28:08', NULL),
(43, '773202007251130', 'Cadman Cabrera', 5, 17, NULL, 1, NULL, NULL, '2022-01-24 11:28:08', NULL),
(44, '773202007251144', 'Lionel Mcfarland', 3, 17, NULL, 1, NULL, NULL, '2022-01-24 11:28:08', NULL),
(45, '773202007251252', 'Angelica Mack', 5, 18, NULL, 1, NULL, NULL, '2022-01-24 11:28:08', NULL),
(46, '773202007251148', 'Walter Carroll', 5, 18, NULL, 1, NULL, NULL, '2022-01-24 11:28:08', NULL),
(47, '773202007251364', 'Galvin Farmer', 4, 19, NULL, 1, NULL, NULL, '2022-01-24 11:28:08', NULL),
(48, '773202007251390', 'Keiko Goodwin', 5, 20, NULL, 1, NULL, NULL, '2022-01-24 11:28:08', NULL),
(49, '773202007251288', 'Mira Gibbs', 2, 20, NULL, 1, NULL, NULL, '2022-01-24 11:28:08', NULL),
(50, '773202007251270', 'Marsden Schroeder', 2, 20, NULL, 1, NULL, NULL, '2022-01-24 11:28:08', NULL),
(51, '773202007251318', 'Odessa Medina', 5, 20, NULL, 1, NULL, NULL, '2022-01-24 11:28:08', NULL),
(52, '773202007251090', 'Mary Guthrie', 3, 21, NULL, 1, NULL, NULL, '2022-01-24 11:28:08', NULL),
(53, '773202007251386', 'Kennan Spencer', 3, 21, NULL, 1, NULL, NULL, '2022-01-24 11:28:08', NULL),
(54, '773202007251298', 'Hadley Hale', 4, 21, NULL, 1, NULL, NULL, '2022-01-24 11:28:08', NULL),
(55, '773202007251088', 'Jakeem Nieves', 3, 23, NULL, 1, NULL, NULL, '2022-01-24 11:28:08', NULL),
(56, '773202007251068', 'Dorian Rivers', 3, 23, NULL, 1, NULL, NULL, '2022-01-24 11:28:08', NULL),
(57, '773202007251322', 'Branden Battle', 5, 23, NULL, 1, NULL, NULL, '2022-01-24 11:28:08', NULL),
(58, '773202007251212', 'Lacey Harper', 3, 23, NULL, 1, NULL, NULL, '2022-01-24 11:28:08', NULL),
(59, '773202007251058', 'Cameran Dillon', 1, 24, NULL, 1, NULL, NULL, '2022-01-24 11:28:08', NULL),
(60, '773202007251248', 'Joshua Fuller', 4, 25, NULL, 1, NULL, NULL, '2022-01-24 11:28:08', NULL),
(61, '773202007251282', 'Joel Wynn', 2, 26, NULL, 1, NULL, NULL, '2022-01-24 11:28:08', NULL),
(62, '773202007251256', 'Walter Travis', 1, 27, NULL, 1, NULL, NULL, '2022-01-24 11:28:08', NULL),
(63, '773202007251316', 'Kane Savage', 4, 27, NULL, 1, NULL, NULL, '2022-01-24 11:28:08', NULL),
(64, '773202007251352', 'Cameron Huff', 5, 27, NULL, 1, NULL, NULL, '2022-01-24 11:28:08', NULL),
(65, '773202007251066', 'Hiroko Joseph', 3, 27, NULL, 1, NULL, NULL, '2022-01-24 11:28:08', NULL),
(66, '773202007251220', 'Todd Lindsay', 4, 28, NULL, 1, NULL, NULL, '2022-01-24 11:28:08', NULL),
(67, '773202007251272', 'Aquila Wells', 2, 28, NULL, 1, NULL, NULL, '2022-01-24 11:28:08', NULL),
(68, '773202007251372', 'Ila Snider', 1, 29, NULL, 1, NULL, NULL, '2022-01-24 11:28:08', NULL),
(69, '773202007251356', 'Kessie Watts', 4, 30, NULL, 1, NULL, NULL, '2022-01-24 11:28:08', NULL),
(70, '773202007251014', 'Thaddeus Grimes', 4, 30, NULL, 1, NULL, NULL, '2022-01-24 11:28:08', NULL),
(71, '773202007251398', 'Aquila Daugherty', 1, 30, NULL, 1, NULL, NULL, '2022-01-24 11:28:08', NULL),
(72, '773202007251228', 'Gemma Stokes', 2, 31, NULL, 1, NULL, NULL, '2022-01-24 11:28:08', NULL),
(73, '773202007251192', 'Renee Sanders', 4, 32, NULL, 1, NULL, NULL, '2022-01-24 11:28:08', NULL),
(74, '773202007251346', 'Jane Gomez', 4, 32, NULL, 1, NULL, NULL, '2022-01-24 11:28:08', NULL),
(75, '773202007251102', 'Beatrice Walsh', 1, 32, NULL, 1, NULL, NULL, '2022-01-24 11:28:08', NULL),
(76, '773202007251200', 'Eric Richmond', 2, 33, NULL, 1, NULL, NULL, '2022-01-24 11:28:08', NULL),
(77, '773202007251238', 'Madaline Sawyer', 1, 33, NULL, 1, NULL, NULL, '2022-01-24 11:28:08', NULL),
(78, '773202007251080', 'Aladdin Dean', 1, 33, NULL, 1, NULL, NULL, '2022-01-24 11:28:08', NULL),
(79, '773202007251116', 'Davis Buck', 4, 33, NULL, 1, NULL, NULL, '2022-01-24 11:28:08', NULL),
(80, '773202007251216', 'Dacey Patton', 3, 34, NULL, 1, NULL, NULL, '2022-01-24 11:28:08', NULL),
(81, '773202007251104', 'Ira Pope', 3, 34, NULL, 1, NULL, NULL, '2022-01-24 11:28:08', NULL),
(82, '773202007251010', 'Jaden Frost', 1, 35, NULL, 1, NULL, NULL, '2022-01-24 11:28:08', NULL),
(83, '773202007251384', 'Wang Gill', 4, 35, NULL, 1, NULL, NULL, '2022-01-24 11:28:08', NULL),
(84, '773202007251196', 'Griffith Bean', 5, 35, NULL, 1, NULL, NULL, '2022-01-24 11:28:08', NULL),
(85, '773202007251310', 'Aspen Kirkland', 2, 36, NULL, 1, NULL, NULL, '2022-01-24 11:28:08', NULL),
(86, '773202007251118', 'Carla Holcomb', 1, 36, NULL, 1, NULL, NULL, '2022-01-24 11:28:08', NULL),
(87, '773202007251190', 'McKenzie Bryant', 4, 36, NULL, 1, NULL, NULL, '2022-01-24 11:28:08', NULL),
(88, '773202007251186', 'Amos Mcpherson', 4, 37, NULL, 1, NULL, NULL, '2022-01-24 11:28:08', NULL),
(89, '773202007251366', 'Keane Pollard', 2, 37, NULL, 1, NULL, NULL, '2022-01-24 11:28:08', NULL),
(90, '773202007251262', 'Britanni Knowles', 3, 37, NULL, 1, NULL, NULL, '2022-01-24 11:28:08', NULL),
(91, '773202007251034', 'Price Solomon', 2, 37, NULL, 1, NULL, NULL, '2022-01-24 11:28:08', NULL),
(92, '773202007251204', 'Dylan Mays', 1, 37, NULL, 1, NULL, NULL, '2022-01-24 11:28:08', NULL),
(93, '773202007251198', 'Candice Galloway', 1, 38, NULL, 1, NULL, NULL, '2022-01-24 11:28:08', NULL),
(94, '773202007251334', 'Herman Carrillo', 3, 38, NULL, 1, NULL, NULL, '2022-01-24 11:28:08', NULL),
(95, '773202007251012', 'Lev Potts', 5, 38, NULL, 1, NULL, NULL, '2022-01-24 11:28:08', NULL),
(96, '773202007251240', 'Samson Price', 3, 38, NULL, 1, NULL, NULL, '2022-01-24 11:28:08', NULL),
(97, '773202007251300', 'Hannah Duffy', 2, 38, NULL, 1, NULL, NULL, '2022-01-24 11:28:08', NULL),
(98, '773202007251326', 'Stuart Ochoa', 2, 38, NULL, 1, NULL, NULL, '2022-01-24 11:28:08', NULL),
(99, '773202007251182', 'Hope Larson', 2, 39, NULL, 1, NULL, NULL, '2022-01-24 11:28:08', NULL),
(100, '773202007251158', 'Calista Raymond', 2, 40, NULL, 1, NULL, NULL, '2022-01-24 11:28:08', NULL),
(101, '773202007251168', 'Mason Tucker', 4, 40, NULL, 1, NULL, NULL, '2022-01-24 11:28:08', NULL),
(102, '773202007251124', 'Noelle Hernandez', 3, 40, NULL, 1, NULL, NULL, '2022-01-24 11:28:08', NULL),
(103, '773202007251064', 'Geoffrey Sexton', 4, 40, NULL, 1, NULL, NULL, '2022-01-24 11:28:08', NULL),
(104, '773202007251332', 'Calista Chen', 2, 41, NULL, 1, NULL, NULL, '2022-01-24 11:28:08', NULL),
(105, '773202007251370', 'Jael Dyer', 1, 42, NULL, 1, NULL, NULL, '2022-01-24 11:28:08', NULL),
(106, '773202007251374', 'Kay Hernandez', 2, 43, NULL, 1, NULL, NULL, '2022-01-24 11:28:08', NULL),
(107, '773202007251260', 'Theodore Guthrie', 1, 43, NULL, 1, NULL, NULL, '2022-01-24 11:28:08', NULL),
(108, '773202007251164', 'Kerry Cole', 3, 43, NULL, 1, NULL, NULL, '2022-01-24 11:28:08', NULL),
(109, '773202007251108', 'Ian Jefferson', 3, 43, NULL, 1, NULL, NULL, '2022-01-24 11:28:08', NULL),
(110, '773202007251152', 'Hilel Reed', 1, 44, NULL, 1, NULL, NULL, '2022-01-24 11:28:08', NULL),
(111, '773202007251094', 'Amos Kirby', 4, 44, NULL, 1, NULL, NULL, '2022-01-24 11:28:08', NULL),
(112, '773202007251042', 'India Orr', 1, 45, NULL, 1, NULL, NULL, '2022-01-24 11:28:08', NULL),
(113, '773202007251338', 'Linda Wade', 4, 45, NULL, 1, NULL, NULL, '2022-01-24 11:28:08', NULL),
(114, '773202007251040', 'Rooney Hodge', 4, 46, NULL, 1, NULL, NULL, '2022-01-24 11:28:08', NULL),
(115, '773202007251076', 'Ronan Jones', 1, 46, NULL, 1, NULL, NULL, '2022-01-24 11:28:08', NULL),
(116, '773202007251344', 'Alvin Compton', 2, 46, NULL, 1, NULL, NULL, '2022-01-24 11:28:08', NULL),
(117, '773202007251180', 'Knox Campos', 3, 46, NULL, 1, NULL, NULL, '2022-01-24 11:28:08', NULL),
(118, '773202007251396', 'Breanna Carroll', 5, 47, NULL, 1, NULL, NULL, '2022-01-24 11:28:08', NULL),
(119, '773202007251286', 'Jeanette Rush', 5, 49, NULL, 1, NULL, NULL, '2022-01-24 11:28:08', NULL),
(120, '773202007251016', 'Peter Mcpherson', 5, 49, NULL, 1, NULL, NULL, '2022-01-24 11:28:08', NULL),
(121, '773202007251110', 'Carla Collier', 3, 49, NULL, 1, NULL, NULL, '2022-01-24 11:28:08', NULL),
(122, '773202007251320', 'Alma Bryan', 2, 49, NULL, 1, NULL, NULL, '2022-01-24 11:28:08', NULL),
(123, '773202007251340', 'Clio Rocha', 3, 50, NULL, 1, NULL, NULL, '2022-01-24 11:28:08', NULL),
(124, '773202007251120', 'Whoopi Mccall', 4, 50, NULL, 1, NULL, NULL, '2022-01-24 11:28:08', NULL),
(125, '773202007251380', 'Whilemina Hoffman', 3, 50, NULL, 1, NULL, NULL, '2022-01-24 11:28:08', NULL),
(126, '773202007251138', 'Brady Valenzuela', 2, 51, NULL, 1, NULL, NULL, '2022-01-24 11:28:08', NULL),
(127, '773202007251314', 'Yolanda Daugherty', 5, 52, NULL, 1, NULL, NULL, '2022-01-24 11:28:08', NULL),
(128, '773202007251250', 'Aileen Shannon', 1, 52, NULL, 1, NULL, NULL, '2022-01-24 11:28:08', NULL),
(129, '773202007251184', 'Wang Fernandez', 1, 52, NULL, 1, NULL, NULL, '2022-01-24 11:28:08', NULL),
(130, '773202007251154', 'Cheryl Vargas', 3, 53, NULL, 1, NULL, NULL, '2022-01-24 11:28:08', NULL),
(131, '773202007251306', 'Keelie Henson', 2, 53, NULL, 1, NULL, NULL, '2022-01-24 11:28:08', NULL),
(132, '773202007251052', 'Quail Black', 1, 53, NULL, 1, NULL, NULL, '2022-01-24 11:28:08', NULL),
(133, '773202007251268', 'Quinn Oliver', 1, 54, NULL, 1, NULL, NULL, '2022-01-24 11:28:08', NULL),
(134, '773202007251092', 'Charissa Simmons', 2, 54, NULL, 1, NULL, NULL, '2022-01-24 11:28:08', NULL),
(135, '773202007251358', 'Bell Abbott', 2, 54, NULL, 1, NULL, NULL, '2022-01-24 11:28:08', NULL),
(136, '773202007251350', 'Phyllis James', 5, 55, NULL, 1, NULL, NULL, '2022-01-24 11:28:08', NULL),
(137, '773202007251378', 'Emerson Weiss', 3, 55, NULL, 1, NULL, NULL, '2022-01-24 11:28:08', NULL),
(138, '773202007251176', 'Colton Hebert', 1, 56, NULL, 1, NULL, NULL, '2022-01-24 11:28:08', NULL),
(139, '773202007251140', 'Hamilton Bradford', 5, 56, NULL, 1, NULL, NULL, '2022-01-24 11:28:08', NULL),
(140, '773202007251218', 'Giselle Sharp', 1, 56, NULL, 1, NULL, NULL, '2022-01-24 11:28:08', NULL),
(141, '773202007251024', 'Cassady Stuart', 3, 57, NULL, 1, NULL, NULL, '2022-01-24 11:28:08', NULL),
(142, '773202007251126', 'Alec Stanton', 3, 57, NULL, 1, NULL, NULL, '2022-01-24 11:28:08', NULL),
(143, '773202007251376', 'Chantale Rodgers', 2, 57, NULL, 1, NULL, NULL, '2022-01-24 11:28:08', NULL),
(144, '773202007251136', 'Elvis Townsend', 1, 58, NULL, 1, NULL, NULL, '2022-01-24 11:28:08', NULL),
(145, '773202007251056', 'Lee Lindsey', 4, 58, NULL, 1, NULL, NULL, '2022-01-24 11:28:08', NULL),
(146, '773202007251098', 'Regan Albert', 4, 58, NULL, 1, NULL, NULL, '2022-01-24 11:28:08', NULL),
(147, '773202007251060', 'Jonah Murphy', 3, 58, NULL, 1, NULL, NULL, '2022-01-24 11:28:08', NULL),
(148, '773202007251036', 'Price Sutton', 4, 58, NULL, 1, NULL, NULL, '2022-01-24 11:28:08', NULL),
(149, '773202007251002', 'Chase Buckner', 4, 58, NULL, 1, NULL, NULL, '2022-01-24 11:28:08', NULL),
(150, '773202007251170', 'Steven Tran', 3, 59, NULL, 1, NULL, NULL, '2022-01-24 11:28:08', NULL),
(151, '773202007251294', 'Cyrus Hahn', 1, 59, NULL, 1, NULL, NULL, '2022-01-24 11:28:08', NULL),
(152, '773202007251362', 'Magee Walker', 1, 59, NULL, 1, NULL, NULL, '2022-01-24 11:28:08', NULL),
(153, '773202007251078', 'Ferris Francis', 2, 59, NULL, 1, NULL, NULL, '2022-01-24 11:28:08', NULL),
(154, '773202007251290', 'Kerry Kelly', 1, 59, NULL, 1, NULL, NULL, '2022-01-24 11:28:08', NULL),
(155, '773202007251070', 'Noble Morin', 2, 60, NULL, 1, NULL, NULL, '2022-01-24 11:28:08', NULL),
(156, '773202007251172', 'Patrick Bruce', 5, 60, NULL, 1, NULL, NULL, '2022-01-24 11:28:08', NULL),
(157, '773202007251146', 'Lacey Vargas', 3, 61, NULL, 1, NULL, NULL, '2022-01-24 11:28:08', NULL),
(158, '773202007251258', 'Abigail Chapman', 2, 61, NULL, 1, NULL, NULL, '2022-01-24 11:28:08', NULL),
(159, '773202007251308', 'Jin Mann', 2, 62, NULL, 1, NULL, NULL, '2022-01-24 11:28:08', NULL),
(160, '773202007251234', 'Mason Potts', 1, 62, NULL, 1, NULL, NULL, '2022-01-24 11:28:08', NULL),
(161, '773202007251156', 'Rigel Langley', 3, 62, NULL, 1, NULL, NULL, '2022-01-24 11:28:08', NULL),
(162, '773202007251160', 'Ingrid Blevins', 2, 63, NULL, 1, NULL, NULL, '2022-01-24 11:28:08', NULL),
(163, '773202007251206', 'Calvin Flynn', 3, 63, NULL, 1, NULL, NULL, '2022-01-24 11:28:08', NULL),
(164, '773202007251022', 'Basil Oneal', 5, 63, NULL, 1, NULL, NULL, '2022-01-24 11:28:08', NULL),
(165, '773202007251304', 'Damian Hansen', 5, 63, NULL, 1, NULL, NULL, '2022-01-24 11:28:08', NULL),
(166, '773202007251132', 'Amir Stein', 4, 63, NULL, 1, NULL, NULL, '2022-01-24 11:28:08', NULL),
(167, '773202007251236', 'Lenore Jones', 2, 64, NULL, 1, NULL, NULL, '2022-01-24 11:28:08', NULL),
(168, '773202007251246', 'Oliver Castro', 1, 64, NULL, 1, NULL, NULL, '2022-01-24 11:28:08', NULL),
(169, '773202007251062', 'Anika Bullock', 5, 65, NULL, 1, NULL, NULL, '2022-01-24 11:28:08', NULL),
(170, '773202007251162', 'Ulysses Knapp', 2, 65, NULL, 1, NULL, NULL, '2022-01-24 11:28:08', NULL),
(171, '773202007251242', 'Gloria Stuart', 5, 67, NULL, 1, NULL, NULL, '2022-01-24 11:28:08', NULL),
(172, '773202007251000', 'Kiona Shaw', 2, 68, NULL, 1, NULL, NULL, '2022-01-24 11:28:08', NULL),
(173, '773202007251008', 'Wynter Maldonado', 1, 68, NULL, 1, NULL, NULL, '2022-01-24 11:28:08', NULL),
(174, '773202007251114', 'Mariam Mcguire', 5, 68, NULL, 1, NULL, NULL, '2022-01-24 11:28:08', NULL),
(175, '773202007251348', 'Dustin Small', 1, 69, NULL, 1, NULL, NULL, '2022-01-24 11:28:08', NULL),
(176, '773202007251044', 'Roth Rosales', 4, 69, NULL, 1, NULL, NULL, '2022-01-24 11:28:08', NULL),
(177, '773202007251004', 'Valentine Alexander', 2, 69, NULL, 1, NULL, NULL, '2022-01-24 11:28:08', NULL),
(178, '773202007251026', 'Yardley Kerr', 3, 70, NULL, 1, NULL, NULL, '2022-01-24 11:28:08', NULL),
(179, '773202007251030', 'Serina Petty', 3, 71, NULL, 1, NULL, NULL, '2022-01-24 11:28:08', NULL),
(180, '773202007251134', 'Drew Osborn', 2, 71, NULL, 1, NULL, NULL, '2022-01-24 11:28:08', NULL),
(181, '773202007251244', 'Olympia Mcdowell', 5, 71, NULL, 1, NULL, NULL, '2022-01-24 11:28:08', NULL),
(182, '773202007251208', 'Virginia Webster', 2, 72, NULL, 1, NULL, NULL, '2022-01-24 11:28:08', NULL),
(183, '773202007251312', 'Orla Spence', 5, 72, NULL, 1, NULL, NULL, '2022-01-24 11:28:08', NULL),
(184, '773202007251328', 'Lael Mullen', 3, 72, NULL, 1, NULL, NULL, '2022-01-24 11:28:08', NULL),
(185, '773202007251284', 'Rajah Head', 1, 73, NULL, 1, NULL, NULL, '2022-01-24 11:28:08', NULL),
(186, '773202007251394', 'Nathan Pena', 4, 73, NULL, 1, NULL, NULL, '2022-01-24 11:28:08', NULL),
(187, '773202007251106', 'Lucian Hodges', 1, 74, NULL, 1, NULL, NULL, '2022-01-24 11:28:08', NULL),
(188, '773202007251296', 'Graham Mercado', 5, 74, NULL, 1, NULL, NULL, '2022-01-24 11:28:08', NULL),
(189, '773202007251178', 'Stuart Clements', 4, 74, NULL, 1, NULL, NULL, '2022-01-24 11:28:08', NULL),
(190, '773202007251150', 'Jin Santiago', 1, 75, NULL, 1, NULL, NULL, '2022-01-24 11:28:08', NULL),
(191, '773202007251336', 'Keegan Sandoval', 4, 75, NULL, 1, NULL, NULL, '2022-01-24 11:28:08', NULL),
(192, '773202007251354', 'Lucas Olson', 3, 76, NULL, 1, NULL, NULL, '2022-01-24 11:28:08', NULL),
(193, '773202007251128', 'Blaze Reid', 4, 76, NULL, 1, NULL, NULL, '2022-01-24 11:28:08', NULL),
(194, '773202007251302', 'Ferris Bonner', 2, 76, NULL, 1, NULL, NULL, '2022-01-24 11:28:08', NULL),
(195, '773202007251368', 'Stephen Donaldson', 2, 77, NULL, 1, NULL, NULL, '2022-01-24 11:28:08', NULL),
(196, '773202007251096', 'Beau Dunlap', 2, 77, NULL, 1, NULL, NULL, '2022-01-24 11:28:08', NULL),
(197, '773202007251100', 'Steel Hunt', 2, 77, NULL, 1, NULL, NULL, '2022-01-24 11:28:08', NULL),
(198, '773202007251072', 'Jenna Valentine', 1, 78, NULL, 1, NULL, NULL, '2022-01-24 11:28:08', NULL),
(199, '773202007251006', 'Burke Ochoa', 3, 79, NULL, 1, NULL, NULL, '2022-01-24 11:28:08', NULL),
(200, '773202007251086', 'Shaeleigh Craft', 3, 79, NULL, 1, NULL, NULL, '2022-01-24 11:28:08', NULL),
(201, '773202007251214', 'Adele Blanchard', 1, 79, NULL, 1, NULL, NULL, '2022-01-24 11:28:08', NULL),
(202, '773202007251230', 'Hu Sawyer', 4, 79, NULL, 1, NULL, NULL, '2022-01-24 11:28:08', NULL),
(203, '773202007251028', 'Gage Yates', 1, 79, NULL, 1, NULL, NULL, '2022-01-24 11:28:08', NULL),
(204, '773202007251112', 'Phyllis Phelps', 3, 80, NULL, 1, NULL, NULL, '2022-01-24 11:28:08', NULL),
(205, '773202007251232', 'Felicia Ortega', 1, 80, NULL, 1, NULL, NULL, '2022-01-24 11:28:08', NULL);

-- --------------------------------------------------------

--
-- Table structure for table `role_aplikasi`
--

CREATE TABLE `role_aplikasi` (
  `rola_id` int(11) NOT NULL,
  `rola_menu_id` int(11) NOT NULL,
  `rola_lev_id` int(11) NOT NULL,
  `created_at` timestamp NOT NULL DEFAULT current_timestamp()
) ENGINE=InnoDB DEFAULT CHARSET=latin1;

--
-- Dumping data for table `role_aplikasi`
--

INSERT INTO `role_aplikasi` (`rola_id`, `rola_menu_id`, `rola_lev_id`, `created_at`) VALUES
(229, 1, 1, '2021-10-28 22:24:48'),
(234, 6, 1, '2021-10-28 22:24:57'),
(235, 7, 1, '2021-10-28 22:25:00'),
(236, 5, 1, '2021-10-28 22:25:01'),
(238, 4, 1, '2021-10-28 22:25:03'),
(239, 2, 1, '2021-10-28 22:25:10'),
(242, 1, 127, '2021-10-28 23:56:31'),
(244, 117, 1, '2021-11-14 15:59:39'),
(245, 116, 1, '2021-11-14 15:59:40'),
(246, 115, 1, '2021-11-14 15:59:40'),
(248, 120, 1, '2021-11-15 14:55:54'),
(249, 121, 1, '2021-11-15 14:55:55'),
(250, 122, 1, '2021-11-15 14:55:56'),
(251, 123, 1, '2021-11-15 14:55:56'),
(255, 128, 1, '2021-11-19 08:08:51'),
(260, 127, 1, '2021-12-31 16:46:28'),
(263, 133, 1, '2022-01-07 17:36:13'),
(264, 134, 1, '2022-01-07 22:43:57'),
(265, 135, 1, '2022-01-07 22:44:41'),
(266, 136, 1, '2022-01-23 16:30:58'),
(267, 137, 1, '2022-01-23 16:58:55'),
(268, 138, 1, '2022-01-23 17:15:12'),
(269, 139, 1, '2022-01-23 18:12:11');

-- --------------------------------------------------------

--
-- Table structure for table `users`
--

CREATE TABLE `users` (
  `user_id` int(11) NOT NULL,
  `user_nama` varchar(50) NOT NULL,
  `nama_belakang` varchar(255) DEFAULT NULL,
  `nama_depan` varchar(255) DEFAULT NULL,
  `alamat_kabupaten` int(11) DEFAULT NULL,
  `alamat_kecamatan` int(11) DEFAULT NULL,
  `alamat_desa` int(11) DEFAULT NULL,
  `npp` varchar(50) DEFAULT NULL,
  `user_nik` varchar(30) DEFAULT NULL,
  `user_tgl_lahir` date DEFAULT NULL,
  `thn_angkatan` year(4) DEFAULT NULL,
  `user_jenis_kelamin` enum('Laki-Laki','Perempuan') DEFAULT NULL COMMENT 'Jenis Kelamin',
  `user_password` varchar(100) NOT NULL,
  `user_email` varchar(50) NOT NULL,
  `user_email_status` enum('0','1') NOT NULL DEFAULT '1' COMMENT '0 Belum Diverifikasi | 1 Sudah Diverifikasi',
  `user_phone` varchar(15) DEFAULT NULL,
  `user_foto` varchar(255) DEFAULT NULL,
  `user_status` int(1) NOT NULL DEFAULT 0 COMMENT '0 Tidak Aktif | 1 Aktif',
  `level_id` int(11) DEFAULT NULL,
  `created_at` timestamp NOT NULL DEFAULT current_timestamp(),
  `updated_at` timestamp NULL DEFAULT NULL
) ENGINE=InnoDB DEFAULT CHARSET=latin1;

--
-- Dumping data for table `users`
--

INSERT INTO `users` (`user_id`, `user_nama`, `nama_belakang`, `nama_depan`, `alamat_kabupaten`, `alamat_kecamatan`, `alamat_desa`, `npp`, `user_nik`, `user_tgl_lahir`, `thn_angkatan`, `user_jenis_kelamin`, `user_password`, `user_email`, `user_email_status`, `user_phone`, `user_foto`, `user_status`, `level_id`, `created_at`, `updated_at`) VALUES
(1, 'Syifa Asri Al Hasni', NULL, NULL, NULL, NULL, NULL, NULL, '1', NULL, NULL, NULL, '$2y$10$Fvv6U/ZJPdf6j3IyMRn5Ju9PTwuSK5gSBakD/WqR4v6Tcb.uoIaD.', 'administrator@gmail.com', '1', '08123123', NULL, 1, 1, '2020-06-18 02:39:08', '2022-01-24 05:31:33');

--
-- Indexes for dumped tables
--

--
-- Indexes for table `ci_sessions`
--
ALTER TABLE `ci_sessions`
  ADD PRIMARY KEY (`id`),
  ADD KEY `ci_sessions_timestamp` (`timestamp`);

--
-- Indexes for table `jenis_asuransi`
--
ALTER TABLE `jenis_asuransi`
  ADD PRIMARY KEY (`id`);

--
-- Indexes for table `key_value`
--
ALTER TABLE `key_value`
  ADD PRIMARY KEY (`key`),
  ADD KEY `created_by` (`created_by`),
  ADD KEY `updated_by` (`updated_by`),
  ADD KEY `deleted_by` (`deleted_by`);

--
-- Indexes for table `kolektibilitas`
--
ALTER TABLE `kolektibilitas`
  ADD PRIMARY KEY (`id`);

--
-- Indexes for table `level`
--
ALTER TABLE `level`
  ADD PRIMARY KEY (`lev_id`);

--
-- Indexes for table `menu`
--
ALTER TABLE `menu`
  ADD PRIMARY KEY (`menu_id`);

--
-- Indexes for table `nasabah`
--
ALTER TABLE `nasabah`
  ADD PRIMARY KEY (`id`),
  ADD KEY `jenis_asuransi_id` (`jenis_asuransi_id`);

--
-- Indexes for table `role_aplikasi`
--
ALTER TABLE `role_aplikasi`
  ADD PRIMARY KEY (`rola_id`);

--
-- Indexes for table `users`
--
ALTER TABLE `users`
  ADD PRIMARY KEY (`user_id`),
  ADD UNIQUE KEY `user_email` (`user_email`),
  ADD KEY `level_id` (`level_id`);

--
-- AUTO_INCREMENT for dumped tables
--

--
-- AUTO_INCREMENT for table `jenis_asuransi`
--
ALTER TABLE `jenis_asuransi`
  MODIFY `id` int(11) NOT NULL AUTO_INCREMENT, AUTO_INCREMENT=12;

--
-- AUTO_INCREMENT for table `kolektibilitas`
--
ALTER TABLE `kolektibilitas`
  MODIFY `id` int(11) NOT NULL AUTO_INCREMENT, AUTO_INCREMENT=13;

--
-- AUTO_INCREMENT for table `level`
--
ALTER TABLE `level`
  MODIFY `lev_id` int(11) NOT NULL AUTO_INCREMENT, AUTO_INCREMENT=129;

--
-- AUTO_INCREMENT for table `menu`
--
ALTER TABLE `menu`
  MODIFY `menu_id` int(11) NOT NULL AUTO_INCREMENT, AUTO_INCREMENT=140;

--
-- AUTO_INCREMENT for table `nasabah`
--
ALTER TABLE `nasabah`
  MODIFY `id` int(11) NOT NULL AUTO_INCREMENT, AUTO_INCREMENT=1203;

--
-- AUTO_INCREMENT for table `role_aplikasi`
--
ALTER TABLE `role_aplikasi`
  MODIFY `rola_id` int(11) NOT NULL AUTO_INCREMENT, AUTO_INCREMENT=270;

--
-- AUTO_INCREMENT for table `users`
--
ALTER TABLE `users`
  MODIFY `user_id` int(11) NOT NULL AUTO_INCREMENT, AUTO_INCREMENT=15;

--
-- Constraints for dumped tables
--

--
-- Constraints for table `key_value`
--
ALTER TABLE `key_value`
  ADD CONSTRAINT `key_value_ibfk_2` FOREIGN KEY (`created_by`) REFERENCES `users` (`user_id`) ON DELETE SET NULL ON UPDATE CASCADE,
  ADD CONSTRAINT `key_value_ibfk_3` FOREIGN KEY (`updated_by`) REFERENCES `users` (`user_id`) ON DELETE SET NULL ON UPDATE CASCADE,
  ADD CONSTRAINT `key_value_ibfk_4` FOREIGN KEY (`deleted_by`) REFERENCES `users` (`user_id`) ON DELETE SET NULL ON UPDATE CASCADE;

--
-- Constraints for table `nasabah`
--
ALTER TABLE `nasabah`
  ADD CONSTRAINT `nasabah_ibfk_1` FOREIGN KEY (`jenis_asuransi_id`) REFERENCES `jenis_asuransi` (`id`) ON DELETE SET NULL ON UPDATE CASCADE;

--
-- Constraints for table `users`
--
ALTER TABLE `users`
  ADD CONSTRAINT `users_ibfk_1` FOREIGN KEY (`level_id`) REFERENCES `level` (`lev_id`) ON DELETE SET NULL ON UPDATE CASCADE;
COMMIT;
